Date,User,Tweet
2023-03-29 19:22:40+00:00,PaperD42293953,"If you and Tony Blair were walking into number 10 tomorrow with an in-tray of cost of living crisis, energy crisis, Northern Ireland protocol, economy and lack of productivity, NHS collapse and war in Ukrainian. What would you do in the first 100 days?"
2023-03-20 07:57:20+00:00,jaylenzdk13,Did you actually do this? Or are you taking the credit for someone else‚Äôs work? What about inflation? The energy crisis? The cost of living crisis? Brexit? Northern Ireland? Or don‚Äôt you consider those your priorities? Total fraud.
2023-02-28 08:31:12+00:00,KeithArmishaw,"O.K. Now that you have fixed Northern Ireland trade how about fixing the rest of the UK's energy crisis. Priorities my boy, priorities!"
2023-02-28 08:24:14+00:00,anglopheonix,"@TalkTV Maybe JHB could put this question out there..? Yep‚Ä¶ I know she is infatuated with Northern Ireland, energy crisis, Ukraine, Unions, school teachers, nurses, paramedics, Sunak, Johnson, but‚Ä¶ just for a change‚Ä¶? üëáüèª"
2023-02-28 01:39:33+00:00,MalksVoice,"@campbellclaret ... so let's not get carried away. He still has multiple strikes, NHS permacrisis, broken economy, crumbling schools, energy crisis, cost of living crisis, and all the Brexit issues that *don't* relate to Northern Ireland to go. Just off the top of my head."
2023-02-27 21:32:51+00:00,PhilipThorne13,@BBCNews What's more in paulton in the UK right now is not the EU. It's the food prices the energy crisis they are still putting the food up there still putting energy crisis up this stupid prime minister is going on about the EU and Northern Ireland and people are going hungry and cold.
2023-02-27 16:05:49+00:00,PinkNana48,@Conservatives @RishiSunak Now you have sort of sorted out the Northern Ireland Brexit deal you need to get your finger out and sort the UK out you may need to kick a few backsides please get your head around the energy crisis strike's economy etc get back on track it's clear your party has lost the plot
2023-02-20 06:48:45+00:00,Johnson_747,"@Keir_Starmer And what change is that‚ÅâÔ∏è
Is that the same policies you have for Wales England and Northern Ireland
How are you going to fix
The Energy Crisis
The infrastructure for the EV revolution
The health of the nation via the NHS and social care fix urgently needed to secure the NHS"
2023-02-14 10:57:30+00:00,Fan89Footy,"Tuesday 15th February 1972:

- Energy crisis worsens, Miners' strike continues
- 50th soldier to be killed in Northern Ireland
- Detained lady in Rhodesia forced to end hunger strike
- Hereford lose 3-1 at Upton Park to West Ham in FA Cup https://t.co/xIc9wOFKaG"
2023-02-10 00:20:26+00:00,JohnBoy32158538,"@jgtsport I am from Northern Ireland and as well as being an Ulsterman. I am British!
I am not sure who to vote for because of the Energy crisis. I call it the ENERGY SCAM!!! I have asked politicians about the fact that Natural Gas/Crude Oil is now cheaper than it was in February 2022! Why https://t.co/Etz2ujVkYO"
2023-02-09 08:32:23+00:00,johnafish,"@NetZeroWatch @Conservatives The @Conservatives won an 80-seat majority and it seems no-one in the party wondered why that had happened

Three years later the ECHR run our border, the EU run Northern Ireland and our Government is doubling down on ""net-zero"" during an energy crisis

They will be annihilated"
2023-02-02 22:29:53+00:00,PhilipThorne13,@BBCWorld BBC news on Northern Ireland 35 years ago having an enquiry why are you making enquiries what happened 35 years ago. why is it took so long. why not make enquiries on what's going on today instead of news 35 years ago. trying 2 port  minds off the energy crisis and food prices.
2023-01-15 21:35:48+00:00,laugh_at_Forest,"@BBCNews BBC news as usual setting their own agenda.

Instead, how about looking at the Labour Party and the Tories and their views on:
Unions, Food Banks, the NHS, Brexit, the Northern Ireland Protocol, the Energy Crisis, government corruption through contracts for PPE, etc"
2023-01-04 11:09:28+00:00,danster62,"@DianneBancroft @JohnWest_JAWS Rishi Rich is in an awkward position: 

Mick Lynch
The economy
No deal with America
Corruption
Donor fraud
PPE fraud
Brexit worse than expected
Ban on the ‚ÄòB‚Äô word ignored
Bojo lurking
Food inflation
Energy crisis
Strikes
NHS
&amp; Northern Ireland

He‚Äôs unlikely to go there is he."
2022-12-21 12:23:10+00:00,EmilyPa02548724,"# VNG calls for government support as energy crisis intensifies üç≥ü•öüç§ü•ïüåΩüçåüçâüçíüçàü•ëüçáüçìüçêü•®üçéüç≥ü•öü•®ü•©üçñüçóüççüçëü•ìü•ôüçëüç≥ü•öüç§üçñüçóüçäüçáLive news updates from May 6: Wall Street stocks suffer five-week losing streak, Sinn F√©in on track for historic victory in Northern Ireland"
2022-12-20 04:46:08+00:00,mattblake94,"The Supreme Court now a right wing weapon. 

In the UK there's food shortages, the NHS collapsing, strikes on a daily basis, Scotland fighting to quit, Northern Ireland without a govt, an energy crisis, a cost of living crisis..."
2022-12-19 23:39:32+00:00,shazzabomb42,@StephenRhB @BlokeOnWheels Using scare tactics and hysteria to take us back into eu using the self made energy crisis and the Northern Ireland protocol. Are you watching what they are doing to your brexit @Nigel_Farage
2022-12-18 19:48:50+00:00,ShaunTrain101,"#UK Faces Energy Crisis - Winter Cold Not Foreseen - - Whistling Winter Wind (4:18 min) Audio Mp3 
https://t.co/5qnBGnAqPz #England #Wales #Scotland #NorthernIreland #Winter #Cold #Chill #Storm #Climate #ClimateChange #ClimateScam #ClimateCrisis https://t.co/dTd4wlkglK"
2022-12-08 01:10:33+00:00,bronaghoc,@blackbean1 @daz_black I feel ur pain on this one. Even worse we r in northern ireland and cant even form an assembly where there is ¬£600  available to all households for energy crisis but we cant do a thing about it because  they cant sit down and put people first The same people that voted for themü•∫
2022-12-07 12:21:15+00:00,EnergyLiveNews,"Is this the light at the end of the energy crisis tunnel?

Northern Ireland‚Äôs largest supplier of natural gas announced tariff reductions

@firmusenergy

#energy #energycrisis #climatechange #climatecrisis #netzero 

https://t.co/nNVaM1JsNR"
2022-12-01 12:13:25+00:00,newschambers,"Ursula von der Leyen at Govt Buildings for meeting with the Taoiseach.

Ukraine, energy crisis and Brexit‚Äôs Northern Ireland protocol on the agenda https://t.co/Wrg50AmUHY"
2022-12-01 09:36:40+00:00,DeirdreCluneMEP,"To mark 50 years of Ireland‚Äôs membership in the EU, @vonderleyen will address the Oireachtas today üáÆüá™üá™üá∫

Important discussions on the war in Ukraine, the cost of living crisis, the energy crisis &amp; the Northern Ireland Protocol due to take place.

https://t.co/Am3FE4w286"
2022-11-23 11:27:41+00:00,mattyboyd92,@AnumSNP You tried before and failed. Nothings changed clearly. People are suffering in Scotland from addiction to homelessness and energy crisis. Swallow your pride and do right by the people. And that‚Äôs from someone in Northern Ireland
2022-11-23 06:51:22+00:00,TheTruthPanther,JUST IN: President Cyril Ramaphosa has come under fire from the opposition parties for visiting the UK and Northern Ireland while the nation is experiencing an energy crisis. https://t.co/wT09q3NZBN
2022-11-19 19:02:12+00:00,aendubh,"@Kilsally Alan, take a wee look at the difference between the money paid to citizens in Ireland compared to the meager payments to Northern Ireland during this energy crisis.
Remember Alan money talks, so talk to us and see the difference"
2022-11-18 15:03:05+00:00,LoverSeani,"@LyndonRosser @MikeDLondon @FraserNelson Maybe listening to your #UK partners #Scotland &amp; #NorthernIreland.. you forced us out like naughty kids &amp; we in a energy crisis are also the coldest parts of the U.K importing it to England, extra ¬£ help? Not a FUCKING chance #ToryEngland #Tories #Tory #MINGLAND üè¥Û†ÅßÛ†Å¢Û†Å•Û†ÅÆÛ†ÅßÛ†Åø üí©"
2022-11-15 07:20:23+00:00,Burning81970838,#r4today - A conversation about Northern Ireland Oil in relationship to the energy crisis and the need to move away from Oil to renewable. Should never be discussed without the DUP corruption scandal - only the BBC won‚Äôt talk about that!
2022-11-10 08:44:50+00:00,LyndaHurley1234,@GMB @susannareid100 Well done GMB for fighting the Northern Ireland energy crisis corner with a Westminster Minister on national TV! Perhaps Westminster will do something now.
2022-11-09 07:17:05+00:00,PaulRam60679993,"@johnredwood Yes, great insight! they need to sort it out. Northern Ireland they need to sort that out. Climate change - sort that out. Energy crisis - sort it out. Putin - sort him out. The govt needs be sorting this all out..."
2022-11-05 01:16:02+00:00,SharonC69063882,@sara_endipidy @BelfastBre @HarriettmooreB2 Failure to deliver the energy bill support would be inexcusable according to DUP.  Ireland/Northern Ireland protocol provided basis for continued operation of the Single electricity Market. Energy crisis. Europe is   prepared for power outages this winter.
2022-11-04 09:44:59+00:00,shelleydeane,"All we want for Christmas is:
a functioning #Stormont #assembly to meet the needs of #NorthernIreland‚Äôs people struggling with an energy crisis, harsh #austerity measures, #NHS waiting lists, #education challenges, food banks, &amp; marginalised communities persecuted by #drug gangs"
2022-11-02 16:12:22+00:00,joa_becker,"Labour peer is launching bid to avert energy crisis with potential power cuts and drastic electricity price rises in Northern Ireland as result of proposed Brexit legislation 
Peter Hain to table amendment in House of Lords to protect single energy market https://t.co/JDKYAV57Na"
2022-11-02 16:00:39+00:00,Lost_Tribe,"Labour peer bids to avert a fresh energy crisis with potential power cuts and drastic electricity price rises in Northern Ireland due to proposed #Brexit legislation.

@BorisJohnson and his @Conservatives #brexitchaos continues. #BrexitDisaster 

https://t.co/7swP5s7f79 https://t.co/xVjBOjHNj4"
2022-11-02 11:15:46+00:00,JohnDalton6011,A Labour peer is launching a bid to avert a fresh energy crisis with potential power cuts and drastic electricity price rises in Northern Ireland as a result of proposed Brexit legislation. https://t.co/fEjsnERZ1y #wato
2022-11-02 10:24:22+00:00,MoragConnolly1,"‚ÄúA Labour peer is launching a bid to avert a fresh energy crisis with potential power cuts and drastic electricity price rises in Northern Ireland as a result of proposed Brexit legislation.‚Äù
#BrexitReality
 https://t.co/h8KcLpDiN1"
2022-11-02 10:23:53+00:00,EuropePol_b,"Labour in bid to avert Northern Ireland power cuts as result of Bre... (https://t.co/aejaXLk2mJ)

A Labour peer is launching a bid to avert a fresh energy crisis with potential power cuts an...

Add your highlights:
https://t.co/3mG34KFpdK
 #europe #politics #..."
2022-11-02 09:24:34+00:00,torysleazeUK,"üè¥‚Äç‚ò†Ô∏è Exclusive: Peter Hain to table amendment in House of Lords to protect single energy market

A Labour peer is launching a bid to avert a fresh energy crisis with potential power cuts and drastic electricity price rises in‚Ä¶ https://t.co/I3acnsXtJw #NorthernIreland #Energy"
2022-11-02 09:14:18+00:00,edwinhayward,"""A Labour peer is launching a bid to avert a fresh energy crisis with potential power cuts and drastic electricity price rises in Northern Ireland as a result of proposed Brexit legislation.""

Binning EU law would rip NI out of the single energy market. ü§¶‚Äç‚ôÇÔ∏è https://t.co/MlgXSvsQor"
2022-11-02 09:12:06+00:00,hawkred7,"Peter Hain Labour peer is launching a bid to avert a fresh energy crisis with potential power cuts and drastic electricity price rises in Northern Ireland as a result of proposed Brexit legislation.
https://t.co/lWRtefkFqI"
2022-11-02 08:56:35+00:00,Politics_Tday,"UPDATE; Labour in bid to avert Northern Ireland power cuts as result of Brexit legislation: Exclusive: Peter Hain to table amendment in House of Lords to protect single energy market

A Labour peer is launching a bid to avert a fresh energy crisis with potential‚Ä¶ VIA @guardian"
2022-11-01 11:07:37+00:00,alistatonmixer,"I wonder how many of the 17.4 mill leave voters still believe in #brexit?

Food inflation
Cost of living
Energy crisis
Fall in value of Sterling
Northern Ireland
Refugee issues

All these issues made worse because of that 2016 decision and subsequent form of #brexit

#BrexitLies"
2022-10-29 10:52:07+00:00,Ed52180997,"@LBC @clivebull Should consider joining the Customs Union Brexit has had an economic impact along with Pandemic, War, Energy crisis plus Northern Ireland."
2022-10-28 21:58:25+00:00,BlearyEyedMan,"@PaulHop70887106 @Katahdin5270 @ScotNational In no particular order....
UK Economic Plan &amp; Economic Stability
Public Sector Pay &amp; Ongoing Strikes
NHS preparations for Winter
NHS Waiting Lists
The Energy Crisis
The War in Ukraine
The Northern Ireland Protocol"
2022-10-27 16:44:33+00:00,MamaDuckOfMayo,"https://t.co/sukbu8BpNC

#dup have no mandate in #NorthernIreland just as #RishiSunak &amp; #Murdoch's pet #tories have no mandate from an electorate suffering from #Conservative mismanagement of a pandemic, inflation, energy crisis and the #BrexitShambles. 
#UnitedIreland #SinnFein"
2022-10-27 07:38:03+00:00,BillyLinehan,"People of Northern Ireland suffer without Home Rule- energy crisis, NHS crisis, fall in living standards -
Not an inch: Robinson tells DUP to hold the line in blackmail against Northern Ireland protocol

https://t.co/C3L1INDYqW"
2022-10-26 08:43:07+00:00,THCarver5,"@BBCPolitics BBCPolitics:
1. The Chancellor focusing on a ¬£40billion deficit
2. Immigration numbers
3. Curb on Union powers
4. Northern Ireland Protocol 
5. Energy crisis solutions
This is five of many problems facing the Prime Minister, a man to respect in this!"
2022-10-25 18:10:10+00:00,frank_storm23,"World leaders have called for cooperation on issues ranging from climate change and the energy crisis to the Northern Ireland Protocol and war in Ukraine, as they congratulated Rishi Sunak on becoming Prime Minister.
Premiers from the US, Japan and across the European"
2022-10-25 18:09:44+00:00,AngelaWalkr,"World leaders have called for cooperation on issues ranging from climate change and the energy crisis to the Northern Ireland Protocol and war in Ukraine, as they congratulated Rishi Sunak on becoming Prime Minister.
Premiers from the US, Japan and across the European https://t.co/2azK0MEPGq"
2022-10-25 14:44:05+00:00,PA,"World leaders have called for cooperation on issues ranging from climate change and the energy crisis to the Northern Ireland Protocol and war in Ukraine, as they congratulated Rishi Sunak on becoming Prime Minister

‚úçÔ∏è: @EddDracott

https://t.co/LTOL0Jwtou"
2022-10-22 06:23:20+00:00,MichaelBlowfie2,"@TalkTV when a government doesn't deliver what an 80 seat majority gave them they turn on each other.Breathtaking arrogance of these ego driven quislings who do nothing about the invasion on our shores or Northern Ireland,or the energy crisis,they distract us with this nonsense."
2022-10-18 21:29:00+00:00,JohnSpe04145985,"Northern Irelands true problems:

1. The DUP and TUV...
2. Cost of living crisis..all elements. 
3. Active Loyalist paramilitaries..
4. Drugs
5. Mental health Crisis
6. NHS crisis
7. No proper pay raises
8. Roads and Infrastructure
9. Energy crisis
10. Rates increases"
2022-10-18 19:03:15+00:00,XEmpire3,"2. There are many ways this could play out, but most likely it will start with Northern Ireland. While The UK could blame the Pandemic and the Energy Crisis on its poor economic performance, as more numbers come out year after year UK is constantly underperforming other areas"
2022-10-18 09:39:15+00:00,MrRCain2,"Northern Irelands true problems:

1. The DUP and TUV...
2. Cost of living crisis..all elements. 
3. Active Loyalist paramilitaries..
4. Drugs
5. Mental health Crisis
6. NHS crisis
7. No proper pay raises
8. Roads and Infrastructure
9. Energy crisis
10. Rates increases"
2022-10-17 20:28:40+00:00,jontaylor1976,@adamaicken19992 @Monica76492580 Adam I might be wrong when I say this but the energy crisis has been sorted while Stormont isn‚Äôt up and running so it‚Äôs a bit of a red herring that things can‚Äôt be done with out stormont. The people of Northern Ireland are getting the same entitlement to energy payments as all.
2022-10-12 23:42:32+00:00,CarollynR40,"@RepPatFallon That's funny because Liz Truss Prime Minister of Great Britain &amp; Northern Ireland claims it's due to an Energy Crisis which was created by your sponsors in gas &amp; power üí∞
She is right wing but obviously not off the chart like you
The European Nations blame your friend Putin https://t.co/nQFA4dg4mh"
2022-10-12 18:33:25+00:00,Johnson_747,"Has the Conservative Party now consigned itself to the role of opposition‚ÅâÔ∏è
Because they can‚Äôt resolve
Illegal Immigration 
Energy Crisis 
Northern Ireland Protocol 
The second question is has the Labour Party got the answer‚ÅâÔ∏è"
2022-10-12 14:25:34+00:00,IdeallyaNews,Energy crisis in Europe: The wheels in the industry do not turn - #northern_ireland #the_wheels #industry #belfast #energy #europe https://t.co/DSFZxDYEOd
2022-10-12 09:49:42+00:00,PrimeNumberOne,"@catrinaf01 @SkyNews @Keir_Starmer @UKLabour @Conservatives 3. 1974 - @UKLabour get into power (narrowly) following the #ToryRescession following a mishandling of the energy crisis (sound familiar), a poor British economy, mishandling of Northern Ireland."
2022-10-12 07:50:06+00:00,Politics_Tday,UPDATE;  Global tensions mount as EU Ministers set to meet again on energy crisis: Inside Politics: future of concrete block levy looks uncertain; wrangling over Northern Ireland Protocol Bill continues VIA @IrishTimes
2022-10-11 12:18:07+00:00,ONIP1966,"The energy crisis in Northern Ireland can be attributed to the EU VAT and excise rules. 
Although the cost of living crisis is rife across UK - NI will feel the pinch even more due to the NI Protocol."
2022-10-08 12:30:10+00:00,shanemuk,"It clearly hasn't dawned on Jeffrey that with the Energy Crisis, Cost of Living Crisis, Ukraine Crisis, Economic Crisis and general Tory Crisis Crisis, Liz Truss needs the EU a *lot* more than she needs the DUP or even Northern Ireland, and Steve Baker proved that the other day."
2022-10-08 01:20:16+00:00,TheinSwe7426,"Steve Baker, the Northern Ireland minister, said the energy crisis sparked by the war in Ukraine meant the UK had to take ‚Äúbig, bold steps‚Äù to repair ties with Europe. https://t.co/T0HHJaB35H"
2022-10-07 16:02:12+00:00,mmago75645,@MailOnline @lyla_orr_ But Northern Ireland is not a political football to be kicked &amp; kicked again by euro totalitarians looking for an energy crisis distraction - just because of Brexit ‚Ä¶‚Ä¶.right ?
2022-10-06 17:13:22+00:00,LeoDochertyUK,"Good to meet @ValedeAlmeidaEU üá¨üáßüá™üá∫

We discussed our close cooperation in support of Ukraine, the energy crisis, and finding a solution on the Northern Ireland Protocol https://t.co/7bJSibdQ3b"
2022-10-04 18:50:53+00:00,SharronWardTV,"@MrMatthewTodd @SkyNews @BBCNews @itvnews @itn ‚ÄúNorthern Ireland minister Steve Baker told a packed room that cutting #netzero commitments this year would save households more than ¬£1,500 amid the ongoing energy crisis.‚Äù  And the cost to the UK in the wake of the impending #ClimateCrisis is incalculable. #desperatelobbyist"
2022-10-01 07:58:00+00:00,DarranMarshall,"Cost of living: Off-gridders are one step ahead in energy crisis

While many people are dismayed by the soaring cost of energy, a select few across Northern Ireland remain somewhat unaffected. https://t.co/m7yfgvcGj4"
2022-09-30 15:48:53+00:00,AndyBelfast,"@IRLPatricia @IrelandsFuture Sinn Fein keep telling its southern electorate that Ireland is a shit hole with busted healthcare, energy crisis, crippling cost of living, critical housing shortfall and hopeless public services - why would anyone in Northern Ireland want to join in?"
2022-09-29 16:01:17+00:00,LineGoesDown,"IRISH REUNIFICATION 2024
‚úÖ Brexit
‚úÖ UK‚Äôs Failed COVID-19 Response
‚úÖ Sinn Fein Rising
‚úÖ Witch is Dead
‚úÖ Catholic Majority in Northern Ireland
‚úÖ Looming Energy Crisis 
‚úÖ British Pound Collapsing
üîú2023 Scottish Independence Referendum
üîúThe United Kingdom Collapses"
2022-09-29 10:27:04+00:00,dailyinfo101,"@Citi_ZenSane @6171tara @alexmassie Scotland+Wales+Northern Ireland = 77 mps.
South England = 84 mps.

We always get what england votes.

We've had 300 years of hoping English voters will do the right thing. That's what we want indy. With the current, energy crisis, brexit and the currency all the fear is gone."
2022-09-28 14:34:52+00:00,theempressjulia,@POTUS should offer to help the UK with their energy crisis in exchange for giving Northern Ireland back to who it belongs. Real Darkest Brandon mood.
2022-09-27 09:18:03+00:00,JamesWhiteNI,"@GHarrisReid @DavidHenigUK Likewise Northern Ireland, more nationalist MLAs than unionist, more Catholics than Protestants, Stormont blocked by right-wing DUP, hoping to kill NI Protocol, from relieving energy crisis. Talk of referendum."
2022-09-26 17:40:29+00:00,News_Letter,"Vulnerable households in Northern Ireland face stark choices amid energy crisis...here's some top tips
https://t.co/koUfv9dfYW"
2022-09-24 07:16:21+00:00,allisonmbarker,@JeromeMayhew @EDP24 where to start? The RSPB angry? Sewage in the sea? Higher rate tax cuts? Bankers‚Äô bonuses? Energy Crisis?  Pound falls to 37 year low? UK US Trade Deal? Northern Ireland Bill? I can‚Äôt wait to read your reply. @CarolineLucas @Keir_Starmer @EdwardJDavey
2022-09-23 17:50:14+00:00,IrelandinNY,"WATCH: An Taoiseach @MichealMartinTD will appear on @CNN at 2:15pm EST / 7:15pm (Irish Time) in conversation with Isa Soares (@IsaCNN) on Ukraine üá∫üá¶, Europe‚Äôs energy crisis ‚ö°Ô∏è, and Brexit / Northern Ireland Protocol. https://t.co/MPtrACp0do"
2022-09-23 13:56:41+00:00,SocialistAlt,"On September 8, Queen Elizabeth II died, ending the longest reign of any British monarch. Her death has highlighted tensions existing in Northern Ireland, amplified the issues at hand surrounding the energy crisis across the UK, &amp; halted major strikes. üßµ

https://t.co/RisPyLC3ib"
2022-09-22 21:17:29+00:00,IrelandinNY,"An Taoiseach @MichealMartinTD spoke to Bloomberg TV in New York today, in a wide-ranging interview covering Brexit and the Northern Ireland Protocol, Europe‚Äôs energy crisis and Ireland‚Äôs renewable energy targets."
2022-09-21 12:32:06+00:00,duncan_morrow,"Addressing the NI energy crisis will require the direct, specific and energetic (!) engagement of NI‚Äôs politicians. Unlike GB, 68 per cent of households in Northern Ireland (82 per cent in rural communities) are totally reliant on Home Heating oil.

https://t.co/KzBrbzaLFn"
2022-09-21 11:42:49+00:00,derek_fee,Stormont can do nothing for the energy crisis. Stormont has no money. Stormont gets all its money from the UK government in Westminster. The best way to help Northern Ireland get more money to help people is to bring in direct rule and stop paying useless MLAs #bbctalkback
2022-09-21 10:08:59+00:00,CllrSiLee,"Northern Ireland is being left behind when it comes to the energy crisis. 68% of households in NI rely on home heating oil, rising to 82% in rural areas. But the @SDLPlive has a plan to get support to households who are struggling."
2022-09-13 19:18:41+00:00,MarkCaslin2,"@TraceyOMahony81 Not esb's fault.
We need to cop on, we should be neutral, Ukraine is just as complicated as Northern Ireland with large Russian population in Donbass, being suppressed by Zelenski. The west has provoked this conflict.
We should stay neutral. = no energy crisis. Cop on."
2022-09-11 17:11:47+00:00,SwannCaron,"Well, I suppose there isn't much else for the PM to focus on...cost of living crisis, war in Ukraine, energy crisis, Northern Ireland protocol to name but a few burning issues.  https://t.co/MmlGkAwG3X"
2022-09-10 22:00:00+00:00,CivilShy,"@ChrisMasonBBC Doesn't she have more important things to do? 

Or has she solved the energy crisis, the NHS crisis, the courts crisis, the cost-of-living crisis, and the Northern Ireland issues?"
2022-09-08 12:46:04+00:00,HospUlster,"üó£ Prime Minister‚Äôs energy support package: ""It is critically important that this support announced by the Prime Minister is extended to Northern Ireland where the energy crisis is just as stark""
For more information click below:
https://t.co/cs3YpCKiA7 https://t.co/pFxEvfA6Ad"
2022-09-08 11:38:48+00:00,peteaos,"You know what would be great during all this energy crisis and planning? If Northern Ireland had any form of functioning government to sort out the logistics problems that Westminster keeps passing the buck on. 

No clarity on how help will be delivered here."
2022-09-08 09:04:31+00:00,mburns2009,"The people of Northern Ireland deserve a government to deal with the energy crisis:  ""Mr Murphy said the DUP‚Äôs boycott over Stormont in protest against the Northern Ireland Protocol means any financial support will not be able to be distributed here...""

https://t.co/geRLfHCpxD"
2022-09-08 08:23:47+00:00,mandy_mcauley,"‚ÄúThe lack of attention to Northern Ireland during this energy crisis is criminal‚Äù 

Chief Executive of @resfoundation @TorstenBell 

76.3% of NI households - more than any other area of the U.K. - are expected to be in fuel poverty by January. #energycrisis"
2022-09-07 20:55:42+00:00,TorstenBell,"The lack of attention to Northern Ireland during this energy crisis is criminal:
- never mentioned Ofgem/price caps don‚Äôt apply there
- Seven in ten (68 per cent of) Northern Irish homes are heated by oil
- lack of functioning executive means delays to support (ie ¬£400 off bills)"
2022-09-07 18:53:23+00:00,columeastwood,"We need a tailored solution to tackle the energy crisis in Northern Ireland, but the DUP refuse to get back to work to fix it.

Liz Truss must decide whose side she's on- will she back people struggling to pay bills or the DUP who continue to do nothing while things get worse. https://t.co/ua5Em7x9IR"
2022-09-07 18:49:06+00:00,IrishTimes,Northern Ireland leaders to meet Heaton-Harris amid energy crisis https://t.co/pXlTJqkAP0
2022-09-07 15:10:14+00:00,ciabaudo,"War in the Ukraine, energy crisis, uncontrolled inflation, NHS under threat, rudderless government, pending troubles in Northern Ireland, Brexit, sewage in our rivers, drought, plague of locusts ... and now this! 
https://t.co/hiSmmZzKCC"
2022-09-07 14:32:49+00:00,BBCNolan,"An energy hike bigger than previous yearly bills. How will be the new PM‚Äôs plans to tackle the energy crisis get to Northern Ireland?

Podcast on üì≤ @BBCSounds https://t.co/nAKM4lFqBc"
2022-09-07 12:02:10+00:00,RealPhatsBlog,"UK leader Truss holds 1st Cabinet meeting amid energy crisis
#Brexit
#NorthernIreland
#Belfast
#Scotland 
#DUP
#UrsulaVonDerLeyen
#MichelBarnier
#DavidFrost 
#LizTruss
#EU
#MichaelGove
#BorisJohnson
#Economy
#Ukraine
https://t.co/XsrG1Q2gY0"
2022-09-07 09:59:28+00:00,MusicAsArt,"@talkSPORT @JimWhite despite Potter losing 6 games in a row and going 13 games without a win last season everyone is mentioning him. He wouldn't last a season there.
I also understand Liz Truss has asked him to solve the energy crisis and the northern Ireland brexit issue"
2022-09-07 06:29:33+00:00,vink_frank,"New PM Truss &amp; Joe Biden discuss Ukrainian war, China, energy crisis &amp; Northern Ireland in first call https://t.co/u07aAzcx86  @wionews"
2022-09-07 05:42:57+00:00,GBNEWS,"'Our last electric bill was ¬£15k...it was ¬£6k six months ago!'

GB News' Northern Ireland reporter Dougie Beattie says 'Liz Truss has a massive hill to climb' when it comes to tackling the energy crisis.

üíª GB News YouTube: https://t.co/Wa58gYGZwF https://t.co/ctqOidploB"
2022-09-06 20:36:18+00:00,maryamnerjis,@McDermottQC @trussliz Indeed. She appear to be putting the Energy crisis and the Northern Ireland protocol at the top of her agenda?
2022-09-06 16:18:51+00:00,brendanhughes64,"In her first speech as Prime Minister, Liz Truss pays tribute to Boris Johnson saying he ""delivered Brexit"". She sets out her three ""early"" priorities: 1. Grow the economy with tax cuts; 2. Tackle the energy crisis; 3. Boost the NHS.

No mention of the Northern Ireland Protocol. https://t.co/iTXogXPGNt"
2022-09-06 12:44:58+00:00,Planet_Belfast,I'm sure the DUP will be rushing to Stormont to take swift action on the looming energy crisis in Northern Ireland üôÑ
2022-09-06 12:15:04+00:00,MarkVipond,"Liz deserves our full backing as she tackles the energy crisis, war in Ukraine, and EU intransigence over the Northern Ireland Protocol. Confident she'll make us proud."
2022-09-06 12:14:59+00:00,MarkVipond,"@BBCNews Liz deserves our full backing as she tackles the energy crisis, war in Ukraine, and EU intransigence over the Northern Ireland Protocol. Confident she'll make us proud."
2022-09-06 11:59:11+00:00,DavidEllard17,"@Dani_Iuliana @marazionmoonie @SholaMos1 @ipaperviews Not entirely true, we have the energy crisis and a change in PM oh and the Northern Ireland protocol"
2022-09-05 16:57:02+00:00,JeffreyPeel,@BorisJohnson You didn't get Brexit done - you sold out Northern Ireland. The vaccine doesn't work and you robbed us of our liberty with lockdowns. You facilitated an energy crisis that's going to cripple the economy (again).
2022-09-05 13:41:14+00:00,APHClarkson,"By signing the Northern Ireland Protocol and presenting a Brexit whose consequences would be delayed by transition, Johnson evaded constraints for a time, but they caught up with him.

Now Truss has NIP, tax cuts, energy crisis to balance while keeping the Tory Right happy"
2022-09-04 19:02:25+00:00,Carla_Jo2010,"@RestIsPolitics @RoryStewartUK @campbellclaret If you and Tony Blair were walking into number 10 tomorrow with an in-tray of cost of living crisis, energy crisis, Northern Ireland protocol, economy and lack of productivity, NHS collapse and war in Ukrainian. What would you do in the first 100 days?"
2022-09-04 17:18:04+00:00,aunalgautam,"@toryboypierce @GBNEWS @Nanaakua1 @trussliz The polls are suggesting that Liz is going to be the UK‚Äôs next PM. Hope she won‚Äôt be the most unpopular PM in UK‚Äôs history as the UK is marred by the woes of Brexit, the COVID19, the Energy Crisis, the Northern Ireland Protocol, the Scottish  Reference, and the list goes on."
2022-09-04 12:18:40+00:00,aunalgautam,"The polls are suggesting that Liz is going to be the UK‚Äôs next PM. Hope she won‚Äôt be the most unpopular PM in UK‚Äôs history as the UK is marred by the woes of Brexit, the COVID19, the Energy Crisis, the Northern Ireland Protocol, the Scottish  Reference, and the list goes on."
2022-09-01 21:43:31+00:00,Blobby4P,"@Mike_Fabricant @GBNEWS Free Trade agreement which is shit üòÇ The other deals we‚Äôve made are rollovers and still no US trade deal.

Energy crisis, inflation crisis, Northern Ireland getting buggered up, massive Covid death toll. 

The man has delivered zero benefit to anyone. Country is a mess."
2022-08-31 15:02:02+00:00,LaudatoSiMvmt,"üí° Irish Church leaders express their deep concern over the social impact of the soaring of prices in the island and urge authorities both in #Ireland and #Northern Ireland to deliver a ‚Äúmore practical support‚Äù to those most affected by the #energy crisis

https://t.co/sSavPCM1We"
2022-08-30 17:24:17+00:00,MsAlliance,@10DowningStreet @Wessex_Internet Did you actually do this? Or are you taking the credit for someone else‚Äôs work? What about inflation? The energy crisis? The cost of living crisis? Brexit? Northern Ireland? Or don‚Äôt you consider those your priorities? Total fraud.
2022-08-27 19:57:00+00:00,VaticanNews,"Irish Church leaders express their deep concern over the social impact of the soaring of prices, and urge authorities in #Ireland and #NorthernIreland to deliver a ‚Äúmore practical support‚Äù to those most affected by the energy crisis.
https://t.co/t9cbCzMnvS"
2022-08-27 08:40:27+00:00,WyldWyllye,@MajorTruscott Use your influence then. Solve some problems. Feed the nation. Bolster the economy. Improve international relations. Solve the energy crisis. Stabilise Northern Ireland. Do something! If you have Damming the left for offering solutions is petty. DO SOMETHING! Do something useful!
2022-08-26 19:38:02+00:00,LouisHenwood,"Liz Truss wants to have a trade war, a diplomatic row with the United States and trouble in Northern Ireland on top of a cost of living and energy crisis

#ToryCostOfLivingCrisis 
https://t.co/iJ42Nvjygd"
2022-08-25 20:53:53+00:00,nealerichmond,"There is a real war in Europe, a cost or living crisis, a looming energy crisis and desperate desire for some stability in Northern Ireland. /12"
2022-08-24 19:08:45+00:00,RobertColvinUUP,"Economy Minister's written statement is a lot of nothing - Mike Nesbitt MLA, @uuponline Economy Spokesperson, has labelled the Economy Minister`s Written Statement to the Northern Ireland Assembly about the Global Energy Crisis as a lot of nothing.
 https://t.co/0GuREzQD2c"
2022-08-17 18:29:03+00:00,news42,Liz Truss announces solution to energy crisis after hearing about Northern Ireland power-sharing agreement
2022-08-16 17:56:01+00:00,JonathanBrash,"From someone who has no plan for the energy crisis, Northern Ireland, the NHS, crime reduction, reducing child poverty, rebalancing our economy and on and on ‚Ä¶ this üëáüëáüëá is bloody rich."
2022-08-15 11:12:05+00:00,upasakabala,"#BorisJohnson #Conservatives Senior Tory defends Johnson for taking second holiday amid energy crisis: Former Northern Ireland secretary rejects accusation PM has ‚Äòthrown in the towel‚Äô during caretaker role

 * Politics live: latest updates

A senior‚Ä¶ https://t.co/Os4CfRQEuy"
2022-08-09 23:15:12+00:00,DJ_Timboy,"The UK is utterly falling apart. Northern Ireland is also yet again without a government to help us as we face this energy crisis and cost of living not to mention brexit shit still ongoing, but there is no where to go. I really hope this can be fixed soon."
2022-08-07 09:20:37+00:00,Whistletunes,"People are struggling while @duponline are happy to take their pay while ignoring the acute distress caused by the energy crisis.
 RTE news : Protest over rising energy costs in Northern Ireland

https://t.co/lmIN4NveD6"
2022-07-29 14:17:45+00:00,TomSmyt69476587,@irish_news Jamie the public have a right to know who is paying you and how much as this energy crisis appears not to affect you unlike the rest of the population of Northern Ireland.
2022-07-27 11:22:30+00:00,strange_geoff,"@helenmallam Given the perfect storm brewing with Scotland &amp; Indy Ref2, Northern Ireland &amp; United Ireland, General Strike, Energy crisis, Levelling Up cancelled, Covid Inquiry, Lebedev Inquiry, Ukraine plus potential Pandemic 2.0, I give her 6 months and she's gone. Platitudes are not enough"
2022-07-20 07:14:35+00:00,allanmunro36,"@LiamFox @EamonnHolmes @IsabelWebster_ @GBNEWS @RishiSunak After 12 yrs of Tory Gov't- more foodbanks,inflation 9.6%,energy crisis and no energy security strategy, no effective PM or Gov't,rail strikes,Nat Debt ¬£2.3trillion 95.6% of GDP,Universal Credit cuts,Northern Ireland Protocol Tories breaking international agreements..etc etc.????"
2022-07-18 12:25:35+00:00,BigAlMercury,"The race to be PM. Only, a none woke, Brexit improver, non EU, Northern Ireland, problem sorter, NHS financial admin revue, oil crisis, household energy crisis, will be acceptable. If you, as PM think about straying from these problems, drop out now. We don‚Äôt need you !."
2022-07-07 11:24:54+00:00,beardedcrank,"Transformative true, but not necessarily in a good way (depending on your perspective). He leaves with high inflation, an energy crisis, war in Ukraine, Northern Ireland voting Sinn Fein, Scotland threatening a referendum, etc."
2022-07-07 10:56:05+00:00,mjlilj,"Borris needs to go now. Not in October!!! 

Sexual assaults

He's causing a constitutional crisis.

Get a deputy PM as caretaker and let him full the positions. Exams results are coming up. Energy crisis. Economy is a mess. There is a war and Northern Ireland Brexit mess."
2022-07-06 11:54:41+00:00,ZoomPianoTutor,"Both of these are positive scenarios.

The real danger scenario is a currency, trade, and energy crisis that leads to a lower standard of living, losing Scotland and northern Ireland, and being unable to afford their military so no more adventures overseas."
2022-07-02 09:32:43+00:00,JakeBac11188335,".. and Northern Ireland. Tory Westminster and London seems to be like the last days of Sodom. I'm out. Why you experience the backlash from Tory brexit, energy crisis, on and on #TorySleaze #ToryFascistDictatorship #ToryCorruption #ScottishIndependence2023 #ScottishIndependence"
2022-06-27 14:25:20+00:00,uuponline,"Today we met with the Utility Regulator for Northern Ireland at Parliament Buildings. 

We need to deal with the energy crisis at the same time as the problems caused by the protocol.

@johnstewartuup https://t.co/658PGzhK0M"
2022-06-27 04:45:41+00:00,malc2002,"@bolddigger52 Not unless he actually starts to make a difference, we need action &amp; not sound bites. What is he doing about:

Cost of living crisis
Immigration invasion
Energy crisis
Northern Ireland (Trigger article 16)
NHS crisis
Brexit - There‚Äôs so much more he could do

etc,etc 

ü§∑‚Äç‚ôÇÔ∏èü§∑‚Äç‚ôÇÔ∏è"
2022-06-26 17:37:24+00:00,keithwi17923589,"@Lewiboro @mrjamesob Yes and how , energy crisis, food crisis, fuel crisis , NHS crisis, Northern Ireland critical crisis, General strike imminent, We're not respected by any other country , 5th richest country in the World and we have 11 % inflation and rising etc,YES, he got Brexit done, üò±ü§¶‚Äç‚ôÇÔ∏èüôÑüò°ü§¨"
2022-06-25 21:49:51+00:00,gwithiandaze,"@PippaCrerar Hey, Bunter! Instead of thinking about your imaginary ‚Äòthird term‚Äô focus on solving the utter shambles you‚Äôve created - rampant inflation, energy crisis, housing crisis, NHS crisis, record tax burden, Northern Ireland crisis, judicial crisis, strikes and No 10 crime spree"
2022-06-18 11:45:05+00:00,Outoftweet123,"@lucyallan Does it matter more than the energy crisis, cost of living crisis, mental health crisis, hospital crisis, stock market crisis, rail crisis, Northern Ireland Trade and Brexit Crisis, impending recession? 

It‚Äôs a photo op and he is running away from his responsibilities!"
2022-06-14 06:56:26+00:00,biscuit_42,"Just read through my TL. Destruction of the NHS and justice system, refugees to Rwanda, no justice for Grenfell survivors, PPE scandal, Northern Ireland Protocol, energy crisis, cost of living crisis, the Brexit disaster and still people in Taunton are saying they will vote"
2022-06-10 15:25:17+00:00,whitestrat69,"@NileGardiner @kevinjdriver60 @Nigel_Farage @GBNEWS Brexit has not been done, immigration policy is in crisis,
fishing has been sold out, again, Northern Ireland has effectively been annexed and the aggression of the EU throughout the energy crisis has been a revelation.
ThNey are no friend of Britain. A Hard Brexit NOW."
2022-06-09 08:07:01+00:00,ianmsmitchell,"@whatchidid Brilliant news! Great problem solving, want to have a go at Brexit / Northern Ireland protocol or the Energy Crisis?"
2022-06-07 08:11:37+00:00,pauldoleman,"@1brianmccarthy @DavidLammy Here‚Äôs a message of encouragement. I encourage Boris to stop the lies, law breaking, Northern Ireland jeopardy, economic idiocy, sleaze, greed and just leave office. Don‚Äôt forget to turn the lights off we have an energy crisis."
2022-06-06 18:46:30+00:00,CJGeorgeFRCS,"NOT TORY LIKE
Brexit done but unfinished Northern Ireland protocol still burning, Covid/lockdown/PPE dithering and people grievances,economy&amp;energy crisis, lack of integrity, honesty, transparency. Not got rewards of Brexit yet! https://t.co/kqKv0bxwye"
2022-06-06 15:36:05+00:00,CJGeorgeFRCS,"Brexit done but unfinished Northern Ireland protocol still burning, Covid/lockdown/PPE dithering and people grievances,economy&amp;energy crisis, lack of integrity, honesty, transparency. Not got rewards of Brexit"
2022-06-06 13:53:21+00:00,Brian39224781,"@Daily_Express He has faile on Brexit, Northern Ireland, Energy crisis, wnat me to go on"
2022-06-02 09:42:15+00:00,raycasey2003,"@SamanthaMalin Arlene Foster solved the energy crisis in the chicken sheds of Northern Ireland

#DUPOut #JohnsonOut129 #DisasterCapitalists"
2022-05-29 07:33:11+00:00,connoroconnor16,"@GBNEWS johns throws a titbit to the plebs whilst believing it will make up for the disasters of illegal immigration, northern Ireland and the energy crisis just go man your not up to the job."
2022-05-25 15:28:26+00:00,Mister_Woodo,"Deliver what? 

The worst inflation in two generations?
The worst energy crisis in forty years?
Threats to the stability of peace in Northern Ireland?
Dogshit trade deals that replace perfectly good ones we already had.

What are you shitheads actually delivering?"
2022-05-19 19:09:41+00:00,Jacko63788375,"All ills of the day,from brexit to energy crisis,unrest in northern Ireland to cost of living crisis,is down to a creed of greed."
2022-05-19 11:25:36+00:00,TomSmyt69476587,@carlalockhart @duponline @BrandonLewis @NIOgov Carla the difference from Scotland to Northern Ireland is that their member of their devolution are at work helping their voters cope with this energy crisis. So sit on your ass and pick up your fat pay packet while the people of Northern Ireland struggles to pay their bills.
2022-05-12 08:42:53+00:00,browsetm,"Once again Northern Ireland citizens are being held back by Blackmailing MLAs' refusing to form a working government and help resolve the health crisis, energy crisis and day-to-day cost of living here.https://t.co/kw19QiHf2o"
2022-05-11 13:17:29+00:00,TomSmyt69476587,@BenLowry2 @duponline Peter back then there was not an energy crisis with people struggling to survive.  The DUP cannot stay out of the executive during this crisis the only people they are harming is the people of Northern Ireland.
2022-05-10 09:10:53+00:00,JustTransitionW,"Liz Truss ‚Äòpreparing to tear up Northern Ireland protocol‚Äô
Are we not poor enough yet? Adding a trade war with Europe on top of the Energy crisis, inflation and Ukraine seems likely to trigger food riots if not revolution!  https://t.co/CxXJNDqLdL"
2022-05-09 21:21:22+00:00,PFE1204,"@PaulBrandITV @YouGov Ukraine, cost of living, energy crisis, Northern Ireland, ailing monarch, NHS waiting lists. Seriously. Who gives a toss about Kier‚Äôs curry?"
2022-05-09 15:36:27+00:00,TomSmyt69476587,@BelTel @J_Donaldson_MP People of Northern Ireland take to the streets to protest about the lack of help during this energy  crisis  that got nothing to do with the protocol.
2022-05-09 15:16:33+00:00,TomSmyt69476587,@BelfastLive The people of Northern Ireland will have to suffer due to this energy crisis while Napoleon Jeffery leaves us and goes to Westminster. Ihope all elwho voted DUP donstart to complain about the rising prices and no money on the table to help them
2022-05-07 08:47:10+00:00,Macerty,They demand NI politicians get back to work for the people of Northern Ireland and start working together to resolve the energy crisis and hospital waiting lists and stop making excuses that avoid fulfilling those primary objectives.
2022-05-03 10:32:56+00:00,TomSmyt69476587,"@News_Letter The biggest threat to Northern Ireland  health, education, and the energy crisis is the DUP refusal to go into the executive.  Northern Ireland cannot accept DUP MLA'S sitting on their asses while the whole structure of N Ireland crumbles  A vote for the DUP is a wasted vote"
2022-04-25 14:29:14+00:00,Chloe_Murray_,"Really enjoyed interviewing @mepat20 about @fuelpovertyni and the cost of living and energy crisis in Northern Ireland.

We could see a painful autumn/winter ahead if our politicians don‚Äôt act. ‚ùÑÔ∏è"
2022-04-21 21:43:10+00:00,SteveAikenUUP,"Question of day in Ballyclare - with the food &amp; energy crisis growing worse by day, what possible benefit is there in pulling down assembly? - simple answer - none. #UlsterUnionist will put restoration of good government &amp; the people of Northern Ireland first"
2022-04-13 09:51:07+00:00,rachelwoods52,"Privileged to be part of the @fuelpovertyni #FPCHustings today at @TheMACBelfast on the energy crisis and deepening poverty crisis in Northern Ireland. 

THIS is one of the important issues of our society now and we must have a govt post May to deliver. https://t.co/dkMLpvgvWx"
2022-04-04 13:32:45+00:00,kayo_digital,"We are very proud to be supporting the charity National Energy Action (@NEA_UKCharity) and their digital requirements.üòä

Due to the energy crisis, they‚Äôre working across England, Wales and Northern Ireland to ensure that everyone can afford to live in a warm and safe home.üè°‚ö°"
2022-03-29 10:02:04+00:00,insidehousing,"Housing fitness standards must improve in Northern Ireland amid energy crisis, charity warns https://t.co/8bnjOkxlhy #ukhousing https://t.co/Fs2W9Tx5WH"
2022-03-24 10:22:31+00:00,TomSmyt69476587,@News_Letter Jeffery you and the DUP are costing  the province millions of pounds by collapsing the executive and showing your Uncaring side to the people of Northern Ireland during this energy crisis.
2022-03-23 12:57:10+00:00,TLDRNewsUK,"2‚É£ VAT relief on solar panels, heat pumps and insulation. This is reduced from 5% to 0%. Everyone is now eligible. This is to help with the energy crisis. 

Due to regulations in the N. Ireland Protocol, this will not apply in Northern Ireland. This will be raised w/ commission"
2022-03-22 17:02:14+00:00,TomSmyt69476587,"@J_Donaldson_MP @duponline Bullocks you couldn't even appoint a first minister to spend the ¬£300 million  to ease the energy crisis on the people of Northern Ireland.  This is just a smoke screen trying to deceive the  people of NI that you care when we all know you don't, just after votes."
2022-03-22 15:50:52+00:00,TomSmyt69476587,@carlalockhart @duponline The DUP don't care for families in Northern Ireland or esle they would have appointed a First minister  during this energy crisis remember that when you place your vote in May. Don't trust the DUP or Jeffery Donaldson with your future.
2022-03-14 12:08:37+00:00,TomSmyt69476587,@moneillsf The DUP and Jeffery won't admit they wee wrong they rather see the people of Northern Ireland starve and freeze due to this energy crisis.
2022-03-13 18:40:00+00:00,TFishcheese,@BeattieDoug @JasC2022 Hello Doug. Would there be an appetite in Northern Ireland to harness nuclear and renewable energy to help deal with the energy crisis?
2022-03-13 14:42:52+00:00,TomSmyt69476587,@richardtgarland The protocol is not our problem at the moment it is the energy crisis DUP get your act together and listen to the people of Northern Ireland for a change.
2022-03-12 09:14:16+00:00,anywaymovingon,"Why have we made Ukraine vs Russia our primary focus? Help Ukraine for sure but this is not our war. We have so much crap that needs sorting out at home yet everyone is distracted by #UkraineRussia.

Energy Crisis Partygate NHS covid Higher Taxes Trade Brexit Northern Ireland."
2022-03-11 11:12:24+00:00,PeterPunton,"@GBNEWS He is not the prime minister of Ukraine, the problems people are facing ,
Energy crisis
Housing crises
Inflation 
Fuel costs 
Refugees 
NHS waiting lists
Northern Ireland border 
Meaning his popularity here is  falling."
2022-03-11 09:59:38+00:00,kd_tkellyd,I spoke this morning on @BBCgmu regarding living costs &amp; the energy crisis. I have said it before &amp; I will say it again that I will not stop until my voice has been heard &amp; the people of NI are looked after. Stormont need to act now! #CostOfLivingCrisis #NorthernIreland #actnow
2022-03-11 09:11:03+00:00,TomSmyt69476587,"@DownOrangeMan @Kelmba The majority  were against Brexit and the DUP didn't listen,  the majority are for the protocol but the DUP didn't listen.The people of Northern Ireland  want the executive back to deal with the energy crisis, again the DUP said no. The DUP aren't the only ones to say No in May"
2022-03-07 16:18:04+00:00,insidehousing,CIH Northern Ireland calls for action on retrofitting social homes amid energy crisis https://t.co/yASIZFadaz #ukhousing https://t.co/9kOLCoMOIn
2022-03-03 13:59:45+00:00,NEA_NIreland,This is awful news! 68% of households in Northern Ireland rely on oil to heat their homes! This continued energy crisis will only continue to push more and more people into #FuelPoverty and worsen the conditions many already struggle with.
2022-03-02 23:57:12+00:00,MarcWilliams22,"@Tim_Mc_Garry @JimAllister Poots talking about tv licensing whilst there‚Äôs war going on and energy crisis, couldn‚Äôt be more Northern Ireland."
2022-02-23 15:25:11+00:00,CarlsbergWhappy,"@News_Letter @JamieBrysonCPNI So you want people to unofficially strike andnot get paid during the worst inflation, energy crisis in 30 years. Never mind the brexit you want imposed on us to truly feck us all over. Do you really hate Northern Ireland that much??"
2022-02-17 15:30:51+00:00,robertb44619294,"Can Brexit nearly done Boris, make some meaningful statements ref,
Illegal immigrants ?
Northern Ireland protocol ?
Fishing ?
Fracking ?
Food crisis ?
Energy crisis ?
Oil ? ‚Ä¶‚Ä¶.Just a few ideas for you to ponder on Boris"
2022-02-16 21:10:48+00:00,Esme27r,"@TelBabe The electorate has been let down bigtime. Illegals, Northern Ireland, fishing industry and and an incomplete Brexit plus the self imposed energy crisis. Oh, nearly forgot, inflation to go through the roof by years end. All self inflicted but easily corrected by strong leadership"
2022-02-15 08:31:37+00:00,RyanMcAleerbiz,"Electricity supplier Bright becomes Northern Ireland's first casualty of energy crisis (via @irishnewsbiz)
 https://t.co/X6U347jvnn"
2022-02-15 07:00:00+00:00,irishnewsbiz,"Electricity supplier Bright becomes Northern Ireland's first casualty of energy crisis 

https://t.co/QLTdZm6Hj2"
2022-02-04 14:50:13+00:00,Margin4Error,"Northern Ireland is in political turmoil.

NATO is facing war with Russia.

An energy crisis is destroying homes.

And the Tories are rearranging deckchairs instead of sacking the clown who keeps screwing up."
2022-02-04 10:44:13+00:00,stuartandrew_mp,"Rapid fire exits from No10 seems to have generated plenty of helpful newspaper copy. 

Glad nobody noticed the ¬£¬£¬£s spaffed away on PPE, the energy crisis or imminent NI rise. Not to mention the Brexit implosion in Northern Ireland. 

Big dog might be saved yet. 

#ToryBritain"
2022-02-03 22:54:16+00:00,FJB19,"Inflation heading for 8%, energy crisis hitting household incomes, strife in Northern Ireland and a new Cold War underway, we are heading back to the seventies."
2022-02-03 18:47:34+00:00,normanbluecoll1,"A discredited Prime Minister

A Tory plot to ditch him

An energy crisis for millions

An Economic crisis

A phoney war with Russia

A border crisis in Northern Ireland

If Labour can't land a knockout punch on the Conservatives with all this going on they never will"
2022-01-28 21:48:59+00:00,27476b54549e462,"Sort out....

Illegal Immigration 

Housing 

Crime 

Energy Crisis 

EU to fuck off over Northern Ireland üáÆüá™ 

And as far as I'm concerned.....

PM Johnson can have his cake....and eat it"
2022-01-26 12:49:52+00:00,ScowlingCat,"... Rising costs of household goods, Northern Ireland border, imminent energy crisis... and an arrogance bordering on myth regarding vaccines. Yes...an absolutely resounding success that blowjob has presided over. Makes you think that the obvious cure for Covid was to get pissed!"
2022-01-14 19:27:33+00:00,antapaws1,"@10agapanthus I do not support Boris because he personally has let our borders die a slow death,  failed the energy crisis, PPE and T&amp;T contacts for friends, Fishing our whole coastal community failed and Northern Ireland, any good things I would listen but I hear none just background noise."
2022-01-14 14:40:51+00:00,antapaws1,"If elected as PM John Redwood would sort the energy crisis, The Dinghy invaders, Fishing and Northern Ireland within a month. üëç"
2022-01-12 15:14:50+00:00,cahardinge,"Well done Labour! Don‚Äôt worry about energy crisis, illegal immigration, Northern Ireland Protocol, Russia on the move, China just concentrate on the ‚Äúparties‚Äù. #whatopposition"
2022-01-02 11:58:03+00:00,AgainBraine,"@danielmgmoylan @june_mummery @BorisJohnson Avoid knighting Blair
Stop illegal immigration
Recover Northern Ireland
Abolish devolved parliaments
Make all British groups 'protected'
Cease kowtowing to Pfizer/China
Fix energy crisis
Abandon climate change mirage
Build nuclear and Navy
Restore law/police
Eschew woke bollocks"
